{
  "safeguard": {
    "precision": 0.9938271604938271,
    "recall": 0.9907692307692307,
    "f1": 0.9922958397534669,
    "fp": 4,
    "fn": 6
  },
  "tensortrust": {
    "caught": 554,
    "total": 570,
    "recall": 0.9719298245614035
  },
  "gandalf": {
    "caught": 776,
    "total": 777,
    "recall": 0.9987129987129987
  },
  "redteam": {
    "caught": 18,
    "total": 18,
    "recall": 1.0
  }
}